{"v":"4.8.0","meta":{"g":"LottieFiles AE 1.0.0","a":"","k":"","d":"","tc":""},"fr":29.9700012207031,"ip":0,"op":120.0000048877,"w":720,"h":720,"nm":"Scene 2","ddd":0,"assets":[],"layers":[{"ddd":0,"ind":1,"ty":4,"nm":"Shape Layer 1","sr":1,"ks":{"o":{"a":0,"k":100,"ix":11},"r":{"a":0,"k":0,"ix":10},"p":{"s":true,"x":{"a":0,"k":360,"ix":3},"y":{"a":1,"k":[{"i":{"x":[0.667],"y":[1]},"o":{"x":[0.335],"y":[0.614]},"t":0,"s":[480]},{"i":{"x":[0.669],"y":[0.384]},"o":{"x":[0.333],"y":[0]},"t":15,"s":[180]},{"i":{"x":[0.667],"y":[1]},"o":{"x":[0.326],"y":[0.622]},"t":30,"s":[480]},{"i":{"x":[0.676],"y":[0.367]},"o":{"x":[0.333],"y":[0]},"t":45,"s":[180]},{"i":{"x":[0.667],"y":[1]},"o":{"x":[0.335],"y":[0.622]},"t":60,"s":[480]},{"i":{"x":[0.676],"y":[0.367]},"o":{"x":[0.333],"y":[0]},"t":75,"s":[180]},{"i":{"x":[0.667],"y":[1]},"o":{"x":[0.335],"y":[0.622]},"t":90,"s":[480]},{"i":{"x":[0.676],"y":[0.409]},"o":{"x":[0.333],"y":[0]},"t":105,"s":[180]},{"t":119.000004846969,"s":[480]}],"ix":4}},"a":{"a":0,"k":[0,0,0],"ix":1},"s":{"a":1,"k":[{"i":{"x":[0.667,0.667,0.667],"y":[1,1,1]},"o":{"x":[0.332,0.337,0.333],"y":[1.496,2.99,0]},"t":4,"s":[17,15,100]},{"i":{"x":[0.666,0.665,0.667],"y":[-0.493,-2.004,1]},"o":{"x":[0.333,0.333,0.333],"y":[0,0,0]},"t":19,"s":[15,16,100]},{"i":{"x":[0.667,0.667,0.667],"y":[1,1,1]},"o":{"x":[0.334,0.343,0.333],"y":[1.483,3.003,0]},"t":34,"s":[17,15,100]},{"i":{"x":[0.675,0.667,0.667],"y":[-0.486,-1.989,1]},"o":{"x":[0.333,0.333,0.333],"y":[0,0,0]},"t":49,"s":[15,16,100]},{"i":{"x":[0.667,0.667,0.667],"y":[1,1,1]},"o":{"x":[0.343,0.317,0.333],"y":[1.489,2.993,0]},"t":64,"s":[17,15,100]},{"i":{"x":[0.664,0.663,0.667],"y":[-0.481,-1.982,1]},"o":{"x":[0.333,0.333,0.333],"y":[0,0,0]},"t":79,"s":[15,16,100]},{"i":{"x":[0.667,0.667,0.667],"y":[1,1,1]},"o":{"x":[0.343,0.317,0.333],"y":[1.489,2.993,0]},"t":94,"s":[17,15,100]},{"i":{"x":[0.726,0.724,0.667],"y":[-0.481,-2,1]},"o":{"x":[0.333,0.333,0.333],"y":[0,0,0]},"t":109,"s":[15,16,100]},{"t":123.000005009893,"s":[17,15,100]}],"ix":6}},"ao":0,"shapes":[{"ty":"gr","it":[{"d":1,"ty":"el","s":{"a":0,"k":[1080,1080],"ix":2},"p":{"a":0,"k":[0,0],"ix":3},"nm":"Ellipse Path 1","mn":"ADBE Vector Shape - Ellipse","hd":false},{"ty":"st","c":{"a":0,"k":[1,1,1,1],"ix":3},"o":{"a":0,"k":100,"ix":4},"w":{"a":0,"k":0,"ix":5},"lc":1,"lj":1,"ml":4,"bm":0,"nm":"Stroke 1","mn":"ADBE Vector Graphic - Stroke","hd":false},{"ty":"fl","c":{"a":1,"k":[{"i":{"x":[0.667],"y":[1]},"o":{"x":[0.333],"y":[0]},"t":0,"s":[0.384313732386,0.694117665291,1,1]},{"i":{"x":[0.667],"y":[1]},"o":{"x":[0.333],"y":[0]},"t":4,"s":[0.917647063732,0.505882382393,0.470588237047,1]},{"i":{"x":[0.667],"y":[1]},"o":{"x":[0.333],"y":[0]},"t":26,"s":[0.917647063732,0.505882382393,0.470588237047,1]},{"i":{"x":[0.667],"y":[1]},"o":{"x":[0.333],"y":[0]},"t":30,"s":[0.403921574354,0.760784327984,0.631372570992,1]},{"i":{"x":[0.667],"y":[1]},"o":{"x":[0.333],"y":[0]},"t":60,"s":[0.403921574354,0.760784327984,0.631372570992,1]},{"i":{"x":[0.667],"y":[1]},"o":{"x":[0.333],"y":[0]},"t":64,"s":[0.95756739378,0.76017844677,0.484841823578,1]},{"i":{"x":[0.667],"y":[1]},"o":{"x":[0.333],"y":[0]},"t":90,"s":[0.956862747669,0.760784327984,0.486274510622,1]},{"t":94.0000038286985,"s":[0.384313732386,0.694117665291,1,1]}],"ix":4},"o":{"a":0,"k":100,"ix":5},"r":1,"bm":0,"nm":"Fill 1","mn":"ADBE Vector Graphic - Fill","hd":false},{"ty":"tr","p":{"a":0,"k":[0,0],"ix":2},"a":{"a":0,"k":[0,0],"ix":1},"s":{"a":0,"k":[100,100],"ix":3},"r":{"a":0,"k":0,"ix":6},"o":{"a":0,"k":100,"ix":7},"sk":{"a":0,"k":0,"ix":4},"sa":{"a":0,"k":0,"ix":5},"nm":"Transform"}],"nm":"Ellipse 1","np":3,"cix":2,"bm":0,"ix":1,"mn":"ADBE Vector Group","hd":false}],"ip":0,"op":120.0000048877,"st":0,"bm":0},{"ddd":0,"ind":2,"ty":4,"nm":"Shape Layer 2","sr":1,"ks":{"o":{"a":0,"k":100,"ix":11},"r":{"a":0,"k":0,"ix":10},"p":{"a":0,"k":[360,565,0],"ix":2},"a":{"a":0,"k":[0,0,0],"ix":1},"s":{"a":1,"k":[{"i":{"x":[0.667,0.667,0.667],"y":[1,1,1]},"o":{"x":[0.024,0.298,0.333],"y":[0.342,1.02,0]},"t":0,"s":[24,2,100]},{"i":{"x":[0.98,0.689,0.667],"y":[0.643,0.174,1]},"o":{"x":[0.333,0.333,0.333],"y":[0,0,0]},"t":15,"s":[16,1,100]},{"i":{"x":[0.667,0.667,0.667],"y":[1,1,1]},"o":{"x":[0.02,0.303,0.333],"y":[0.355,0.95,0]},"t":30,"s":[24,2,100]},{"i":{"x":[0.98,0.696,0.667],"y":[0.682,0.242,1]},"o":{"x":[0.333,0.333,0.333],"y":[0,0,0]},"t":45,"s":[16,1,100]},{"i":{"x":[0.667,0.667,0.667],"y":[1,1,1]},"o":{"x":[0.02,0.291,0.333],"y":[0.317,0.699,0]},"t":60,"s":[24,2,100]},{"i":{"x":[0.98,0.702,0.667],"y":[0.666,0.279,1]},"o":{"x":[0.333,0.333,0.333],"y":[0,0,0]},"t":75,"s":[16,1,100]},{"i":{"x":[0.667,0.667,0.667],"y":[1,1,1]},"o":{"x":[0.02,0.297,0.333],"y":[0.334,0.76,0]},"t":90,"s":[24,2,100]},{"i":{"x":[0.979,0.749,0.667],"y":[0.682,0.153,1]},"o":{"x":[0.333,0.333,0.333],"y":[0,0,0]},"t":105,"s":[16,1,100]},{"t":119.000004846969,"s":[24,2,100]}],"ix":6}},"ao":0,"shapes":[{"ty":"gr","it":[{"ty":"rc","d":1,"s":{"a":0,"k":[1080,1080],"ix":2},"p":{"a":0,"k":[0,0],"ix":3},"r":{"a":0,"k":1336,"ix":4},"nm":"Rectangle Path 1","mn":"ADBE Vector Shape - Rect","hd":false},{"ty":"st","c":{"a":0,"k":[1,1,1,1],"ix":3},"o":{"a":0,"k":100,"ix":4},"w":{"a":0,"k":0,"ix":5},"lc":1,"lj":1,"ml":4,"bm":0,"nm":"Stroke 1","mn":"ADBE Vector Graphic - Stroke","hd":false},{"ty":"fl","c":{"a":1,"k":[{"i":{"x":[0.667],"y":[1]},"o":{"x":[0.333],"y":[0]},"t":0,"s":[0.239215686917,0.596078455448,0.949019610882,1]},{"i":{"x":[0.667],"y":[1]},"o":{"x":[0.333],"y":[0]},"t":4,"s":[0.819607853889,0.411764711142,0.376470595598,1]},{"i":{"x":[0.667],"y":[1]},"o":{"x":[0.333],"y":[0]},"t":26,"s":[0.819607853889,0.411764711142,0.376470595598,1]},{"i":{"x":[0.667],"y":[1]},"o":{"x":[0.333],"y":[0]},"t":30,"s":[0.266666680574,0.666666686535,0.521568655968,1]},{"i":{"x":[0.667],"y":[1]},"o":{"x":[0.333],"y":[0]},"t":60,"s":[0.266666680574,0.666666686535,0.521568655968,1]},{"i":{"x":[0.667],"y":[1]},"o":{"x":[0.333],"y":[0]},"t":64,"s":[0.873039186001,0.670195758343,0.387250691652,1]},{"i":{"x":[0.667],"y":[1]},"o":{"x":[0.333],"y":[0]},"t":90,"s":[0.874509811401,0.670588254929,0.388235300779,1]},{"t":94.0000038286985,"s":[0.239215686917,0.596078455448,0.949019610882,1]}],"ix":4},"o":{"a":0,"k":100,"ix":5},"r":1,"bm":0,"nm":"Fill 1","mn":"ADBE Vector Graphic - Fill","hd":false},{"ty":"tr","p":{"a":0,"k":[0,0],"ix":2},"a":{"a":0,"k":[0,0],"ix":1},"s":{"a":0,"k":[100,100],"ix":3},"r":{"a":0,"k":0,"ix":6},"o":{"a":0,"k":100,"ix":7},"sk":{"a":0,"k":0,"ix":4},"sa":{"a":0,"k":0,"ix":5},"nm":"Transform"}],"nm":"Rectangle 1","np":3,"cix":2,"bm":0,"ix":1,"mn":"ADBE Vector Group","hd":false}],"ip":0,"op":120.0000048877,"st":0,"bm":0}],"markers":[]}